<?xml version="1.0" encoding="utf-8" standalone="yes"?>
<rss version="2.0" xmlns:atom="http://www.w3.org/2005/Atom">
  <channel>
    <title>Categories on Ananke Fr</title>
    <link>http://localhost:1313/fr/categories/</link>
    <description>Recent content in Categories on Ananke Fr</description>
    <generator>Hugo -- gohugo.io</generator>
    <language>fr</language>
    <atom:link href="http://localhost:1313/fr/categories/index.xml" rel="self" type="application/rss+xml" />
  </channel>
</rss>
