<?xml version="1.0" encoding="utf-8" standalone="yes"?>
<rss version="2.0" xmlns:atom="http://www.w3.org/2005/Atom">
  <channel>
    <title>Abouts on Wick Enterprises, LLC.</title>
    <link>//localhost:50148/about/</link>
    <description>Recent content in Abouts on Wick Enterprises, LLC.</description>
    <generator>Hugo -- gohugo.io</generator>
    <language>en-us</language>
    <lastBuildDate></lastBuildDate>
    <atom:link href="//localhost:50148/about/index.xml" rel="self" type="application/rss+xml" />
  </channel>
</rss>
