<?xml version="1.0" encoding="utf-8" standalone="yes"?>
<rss version="2.0" xmlns:atom="http://www.w3.org/2005/Atom">
  <channel>
    <title>Wick Enterprises, LLC.</title>
    <link>//localhost:50148/</link>
    <description>Recent content on Wick Enterprises, LLC.</description>
    <generator>Hugo -- gohugo.io</generator>
    <language>en-us</language>
    <lastBuildDate>Wed, 17 Apr 2024 09:16:05 -0700</lastBuildDate>
    <atom:link href="//localhost:50148/index.xml" rel="self" type="application/rss+xml" />
    <item>
      <title>My First Post</title>
      <link>//localhost:50148/posts/my-first-post/</link>
      <pubDate>Wed, 17 Apr 2024 09:16:05 -0700</pubDate>
      <guid>//localhost:50148/posts/my-first-post/</guid>
      <description>Introduction This is bold text, and this is emphasized text.&#xA;Visit the Hugo website!</description>
    </item>
    <item>
      <title></title>
      <link>//localhost:50148/posts/single/</link>
      <pubDate>Mon, 01 Jan 0001 00:00:00 +0000</pubDate>
      <guid>//localhost:50148/posts/single/</guid>
      <description>&lt;!DOCTYPE html&gt; HTML5 Boilerplate Junk Page Title </description>
    </item>
  </channel>
</rss>
